{
  "hash": "d643a645",
  "configHash": "ec8f2e05",
  "lockfileHash": "45dec7f4",
  "browserHash": "8f4740dc",
  "optimized": {
    "@angular/core": {
      "src": "../../../../../../node_modules/@angular/core/fesm2022/core.mjs",
      "file": "@angular_core.js",
      "fileHash": "46fbbc3a",
      "needsInterop": false
    },
    "@angular/platform-browser": {
      "src": "../../../../../../node_modules/@angular/platform-browser/fesm2022/platform-browser.mjs",
      "file": "@angular_platform-browser.js",
      "fileHash": "dd42e0ac",
      "needsInterop": false
    },
    "@angular/router": {
      "src": "../../../../../../node_modules/@angular/router/fesm2022/router.mjs",
      "file": "@angular_router.js",
      "fileHash": "4230186a",
      "needsInterop": false
    },
    "@angular/common": {
      "src": "../../../../../../node_modules/@angular/common/fesm2022/common.mjs",
      "file": "@angular_common.js",
      "fileHash": "506030cb",
      "needsInterop": false
    },
    "@angular/common/http": {
      "src": "../../../../../../node_modules/@angular/common/fesm2022/http.mjs",
      "file": "@angular_common_http.js",
      "fileHash": "442086aa",
      "needsInterop": false
    }
  },
  "chunks": {
    "chunk-2RHMJZ3S": {
      "file": "chunk-2RHMJZ3S.js"
    },
    "chunk-QZQY7GW3": {
      "file": "chunk-QZQY7GW3.js"
    },
    "chunk-4PMWF6IT": {
      "file": "chunk-4PMWF6IT.js"
    },
    "chunk-LUHT2WFK": {
      "file": "chunk-LUHT2WFK.js"
    }
  }
}